EmployeeID,FullName,JobTitle,Department,BadgeID,RegisteredVehicle,SecurityClearance
ND-1001,Dr. Elena Rostova,Head Security Specialist,Cyber Defense,7701,KL-07-BB-1120,Level 5 (Restricted)
ND-1002,John Vance,Senior Systems Engineer,Infrastructure,9042,KL-08-CC-4912,Level 4 (High)
ND-1003,Julian Rossi,Systems Administrator,Infrastructure,8140,MH-12-AB-3391,Level 4 (High)
ND-1004,Marcus Lin,Lead Network Engineer,Network Ops,4412,KA-01-MJ-8802,Level 3 (Standard)
ND-1005,Sarah Chen,Director of AI Research,AI Defense,3044,DL-03-CC-5521,Level 5 (Restricted)
ND-1006,David Miller,Senior Cryptographer,Cyber Defense,6102,KL-08-AA-1009,Level 4 (High)
ND-1007,Priya Sharma,Database Architect,Data Systems,5519,TN-09-XY-4412,Level 3 (Standard)
ND-1008,Vikram Patel,Hardware Diagnostics Specialist,Hardware Lab,3320,KL-07-ZZ-9011,Level 2 (Standard)
ND-1009,Rachel Adams,DevOps Specialist,Infrastructure,7211,HR-26-DK-3310,Level 3 (Standard)
ND-1010,Alexander Ward,Security Guard Lead,Physical Security,1104,KL-08-FF-7714,Level 2 (Facilities)
ND-1011,Kavita Nair,AI Ethics Auditor,Compliance,4901,KL-01-AB-1290,Level 3 (Standard)
ND-1012,Thomas Becker,Storage Systems Lead,Infrastructure,8823,MH-14-EA-4910,Level 4 (High)
ND-1013,Sophia Lorenzen,Frontend Developer,Portal Systems,2908,KA-05-PQ-8812,Level 2 (Standard)
ND-1014,Arjun Rao,Cloud Operations Engineer,Cloud Ops,6744,AP-09-CK-2219,Level 3 (Standard)
ND-1015,Clara Oswald,Optical Sensor Engineer,Physical Security,3411,KL-08-KK-6102,Level 3 (Standard)
ND-1016,Liam Gallagher,Perimeter Gate Supervisor,Physical Security,1092,KL-08-DD-3381,Level 2 (Facilities)
ND-1017,Zoya Khan,Data Science Specialist,AI Defense,5230,UP-16-AZ-4419,Level 3 (Standard)
ND-1018,Robert Langdon,Firmware Architect,Hardware Lab,7144,DL-01-AA-9901,Level 4 (High)
ND-1019,Ananya Verma,Forensic Analyst,Cyber Defense,6318,KL-08-MM-7721,Level 4 (High)
ND-1020,Daniel Craig,Night Operations Guard,Physical Security,1189,KL-07-NN-8842,Level 1 (Basic)
ND-1021,Mei Ling,Security Researcher,Cyber Defense,4490,KA-03-XX-1140,Level 3 (Standard)
ND-1022,Benjamin Franklin,Facility Maintenance,Physical Plant,1004,KL-08-PP-2210,Level 1 (Basic)
ND-1023,Hannah Abbott,Protocol Verification,Compliance,3882,TN-02-BB-6619,Level 2 (Standard)
ND-1024,Gabriel Silva,Systems Reliability Eng,Infrastructure,7901,MH-02-CV-9912,Level 4 (High)
ND-1025,Nadia Petrova,Reverse Engineer,Cyber Defense,8814,KL-08-QQ-3341,Level 5 (Restricted)
ND-1026,Samuel Jones,Logistics Coordinator,Supply Chain,2209,KA-04-LL-5520,Level 2 (Standard)
ND-1027,Fatima Al-Mansoor,Penetration Tester,Cyber Defense,6629,DL-04-MM-8819,Level 4 (High)
ND-1028,Lucas Meyer,Backend Engineer,Data Systems,4108,KL-07-RR-7710,Level 3 (Standard)
ND-1029,Tara Krishnan,Incident Responder,Cyber Defense,5902,KL-08-SS-9941,Level 4 (High)
ND-1030,Oliver Queen,Surveillance Technician,Physical Security,2311,KL-08-TT-1102,Level 2 (Facilities)
ND-1031,Deepak Chopra,Network Architect,Network Ops,7812,AP-10-EE-4491,Level 4 (High)
ND-1032,Emily Watson,Documentation Lead,Compliance,3114,HR-10-GG-8821,Level 2 (Standard)
ND-1033,Carlos Santana,Telemetry Engineer,AI Defense,6012,MH-04-HH-3310,Level 3 (Standard)
ND-1034,Irene Adler,Threat Hunter,Cyber Defense,8491,KL-08-UU-6612,Level 5 (Restricted)
ND-1035,George Clark,Power Substation Lead,Physical Plant,1022,KL-08-VV-4410,Level 1 (Basic)
ND-1036,Sneha Joshi,AI Pipeline Engineer,AI Defense,5440,KA-02-JJ-9912,Level 3 (Standard)
ND-1037,Arthur Pendelton,Chief Risk Officer,Executive,9901,DL-08-WW-1122,Level 5 (Restricted)
ND-1038,Natasha Romanov,Security Consultant,Cyber Defense,7311,KL-08-XX-8812,Level 4 (High)
ND-1039,Siddharth Menon,Linux Kernel Specialist,Infrastructure,8120,KL-08-YY-5521,Level 4 (High)
ND-1040,Chloe Bennet,Access Control Specialist,Physical Security,3201,TN-07-KK-4419,Level 2 (Facilities)
